ts	phase	decision	why	evidence	result
2026-09-30T03:18:00Z	frame	defined done as one restart-safe recorded replay that persists a strict proposal and appears in the dashboard with no financial reach	live canaries discard the identity and order data needed for a proposal, so recorded replay is the only honest complete slice today	docs/roadmap.md:26, packages/domain/src/proposals.ts:34	exit predicate open
2026-09-30T03:19:00Z	workflow	pinned pstack v0.9.52 and created an isolated product-loop worktree	use the requested workflow without accepting unpinned hook changes or writing on main	codex plugin list, git worktree list	worktree ready
2026-09-30T03:34:00Z	design	selected a signer-blind research subpath and closed in-process replay over a precomputed manifest or direct pipeline import	direct pipeline reaches executable policy code; a manifest would not truthfully exercise recorded research; the reviewed split retains real extraction with an exact platform allowlist	packages/research/src/pipeline.ts, scripts/ci/verify-stage0-authority-boundary.mjs	design approved
2026-09-30T03:35:00Z	design	defined candidate as a content-free candidate for further research and fixed opportunity at zero	recorded fixtures prove provenance and integrity behavior but contain no price or return data	packages/domain/src/proposals.ts, packages/research/fixtures	score semantics bounded
2026-09-30T03:33:00Z	correction	constrained every recorded replay result to an abstention and derived its reason from evidence rather than the scenario label	the fixtures contain no price or return data, and a scenario-to-outcome table would let detector regressions pass behind an answer key	packages/research/src/replay.ts, packages/research/test/replay.test.ts	evidence-derived priority and zero opportunity verified
2026-09-30T03:42:54Z	implementation	connected closed recorded replay to the loopback API, runtime authorization, research ledger, and dashboard	the first usable product slice must cross real boundaries without importing the executable policy pipeline	apps/cli/src/research-replay-provider.ts, apps/operator/src/server.ts, apps/operator/src/dashboard-assets.ts	fresh database, restart, duplicate, hostile-content, and STOP paths pass
2026-09-30T03:42:54Z	review	resolved independent security and product review findings by gating duplicates in STOPPED, RESEARCH, and restart states	a duplicate receipt must obey the same PROPOSE_ONLY product contract as a new replay	apps/cli/test/operator-process.test.ts, apps/cli/test/research-replay-provider.test.ts	two independent model reviews report no remaining blocker
2026-09-30T03:42:54Z	verification	drove safe and prompt-injection replays through the real browser before persisting STOP	the acceptance predicate ends in the operator UI and cannot be proved by unit tests alone	http://127.0.0.1:8787, temporary fresh SQLite files	two abstentions, opportunity zero, no console errors, no pending resources, financial authority NONE
2026-09-30T03:42:54Z	quality	applied pstack technical-writing, unslop, and no-comments passes	the public docs and review briefing must state limits plainly and stale narration must not survive	scripts/ci/verify-stage1-read-canary-boundary.mjs	2 stale comment lines removed, no suppressions or MUST KILL findings
